"Địa điểm","MÃ","TÊN TOUR","DANH MỤC TOUR","THỜI GIAN","PHƯƠNG TIỆN","GIÁ NGƯỜI LỚN","GIÁ TRẺ EM","MÔ TẢ NGẮN","LỊCH TRÌNH","BAO GỒM","KHÔNG BAO GỒM","TỪ KHÓA","ĐIỀU KHOẢN","ẢNH TOUR"
"SAPA","SP01","Sapa: Chinh phục Đỉnh Fansipan 2N1Đ","Tour Miền Bắc","2 ngày 1 đêm","Xe giường nằm","1.850.000 đ","1.300.000 đ","Hành trình khám phá thị trấn sương mù Sapa, trải nghiệm văn hóa bản Cát Cát và chinh phục ""Nóc nhà Đông Dương"" Fansipan bằng cáp treo.","N1: - 06:30: Xe đón tại Hà Nội đi Sapa theo cao tốc Nội Bài - Lào Cai. - 12:30: Đến Sapa, ăn trưa, nhận phòng khách sạn - 14:30: Tham quan bản Cát Cát, tìm hiểu văn hóa người H'Mông. - 18:30: Ăn tối lẩu thắng cố/đồ nướng. Tự do dạo chợ đêm Sapa. N2: - 07:00: Ăn sáng tại khách sạn. - 08:00: Xe đưa đến ga cáp treo chinh phục đỉnh Fansipan. - 12:00: Trả phòng, ăn trưa. - 13:30: Tự do mua sắm đặc sản tại thị trấn. - 15:30: Lên xe về lại Hà Nội. 21:30: Đến Hà Nội, kết thúc tour.","- Xe giường nằm khứ hồi Hà Nội - Sapa. - Khách sạn 3 sao (2-3 khách/phòng). - Các bữa ăn theo chương trình (2 bữa trưa, 1 bữa tối, 1 bữa sáng). - Vé tham quan bản Cát Cát.","- Vé cáp treo Fansipan (theo giá niêm yết Sun World). - Thuế VAT (8%). - Tiền tip cho HDV và lái xe. - Chi phí cá nhân, đồ uống ngoài chương trình.","sapa, fansipan, ban cat cat, xe giuong nam, tour 2n1d","- Trẻ em dưới 5 tuổi: Miễn phí (bố mẹ tự lo chi phí phát sinh). - Hủy từ 2-4 ngày: Phạt 50% tiền tour.","sp01-1.jpg
sp01-2.webp"
"","SP02","Sapa: Bản Cát Cát - Ta Van - Moana Check-in 3N2Đ","Tour Miền Bắc","3 ngày 2 đêm","Xe giường nằm / Limousine","2.650.000 đ","1.900.000 đ","Trải nghiệm Sapa thong dong 3N2Đ, hòa mình vào cuộc sống đồng bào H'Mông, Giáy và check-in sống ảo Moana.","N1: Hà Nội - Sapa - Moana Sapa (Ăn T/T). N2: Bản Cát Cát - Thác Tiên Sa - Đốt lửa trại (Ăn S/T/T). N3: Bản Tả Van - Về Hà Nội (Ăn S/T).","Xe khứ hồi, KS 3 sao, các bữa ăn theo lịch trình, vé tham quan Moana & Cát Cát, HDV.","Vé cáp treo Fansipan, thuế VAT, đồ uống, tiền tip.","sapa, cat cat, ta van, moana, tour 3n2d","Trẻ em <5t miễn phí; Hủy trước 3 ngày phạt 50%.","sp02-1.jpg
sp02-2.webp"
"","SP03","Sapa Trekking: Lao Chải - Tả Van - Bản Hồ 2N1Đ","Tour Miền Bắc","2 ngày 1 đêm","Xe ô tô & Đi bộ (Trekking)","1.950.000 đ","1.400.000 đ","Tour du lịch trải nghiệm trekking xuyên qua những thửa ruộng bậc thang tuyệt đẹp ở thung lũng Mường Hoa.","N1: Hà Nội - Sapa - Trekking Lao Chải - Tả Van - Nghỉ Homestay (Ăn T/T). N2: Tả Van - Bản Hồ - Xe đón về trung tâm Sapa - Về Hà Nội (Ăn S/T).","Xe khứ hồi, ngủ Homestay bản indigenous, các bữa ăn bản địa, vé trekking, HDV tuyến bản.","Chi phí ba lô riêng, tiền tip cho HDV bản địa, thuế VAT.","sapa, trekking, lao chai, ta van, homestay, tour 2n1d","Trẻ em <5t không khuyến khích tham gia trekking; Hủy trước 3 ngày phạt 50%.","sp03-1.png
sp03-2.jpg"
"","SP04","Sapa: Khám Phá Đèo Ô Quy Hồ - Cầu Kính Rồng Mây 1 Ngày","Tour Miền Bắc","1 ngày","Xe ô tô du lịch","650.000 đ","500.000 đ","Thử thách lòng dũng cảm trên Cầu Kính Rồng Mây và đón hoàng hôn thơ mộng trên đỉnh đèo Ô Quy Hồ.","08:30: Đón tại khách sạn Sapa. 09:00: Trải nghiệm Cầu Kính Rồng Mây. 12:00: Ăn trưa thắng cố/gà nướng. 14:00: Thác Bạc - Thác Tình Yêu. 16:30: Check-in Cổng Trời Ô Quy Hồ ngắm hoàng hôn. 18:00: Trả khách.","Xe di chuyển các điểm, vé tham quan Cầu Kính Rồng Mây, ăn trưa, HDV.","Chi phí trò chơi cảm giác mạnh tại Cầu Kính, thuế VAT.","sapa, o quy ho, cau kinh rong may, thac bac, tour 1 ngay","Trẻ em <5t miễn phí; Hủy trước 12h phạt 30%.","sp04-1.jpg
sp04-2.jpg"
"","SP05","Sapa High-End: Nghỉ Dưỡng Resort 5 Star - Fansipan VIP 3N2Đ","Tour Miền Bắc","3 ngày 2 đêm","Xe Cabin VIP / Limousine","4.850.000 đ","3.650.000 đ","Tour nghỉ dưỡng cao cấp tại Resort 5 sao chuẩn quốc tế, trải nghiệm Fansipan lối đi ưu tiên VIP và ẩm thực Tây Bắc cao cấp.","N1: Hà Nội - Sapa bằng Xe Cabin VIP - Check-in Resort 5 sao - Ăn tối Steak/Lẩu cá hồi (Ăn T/T). N2: Vé VIP Fansipan (không chờ đợi) - Chiều thư giãn Spa lá thuốc - Ăn tối buffet (Ăn S/T/T). N3: Tự do trải nghiệm bể bơi vô cực - Mua sắm - Về Hà Nội (Ăn S/T).","Xe Cabin VIP khứ hồi, Resort 5 sao (Silk Path/Hotel de la Coupole), vé Fansipan VIP, các bữa ăn cao cấp, HDV.","Dịch vụ Spa ngoài gói, đồ uống có cồn, thuế VAT, tiền tip.","sapa, resort 5 sao, fansipan vip, xe cabin, luxury tour 3n2d","Trẻ em <5t miễn phí (dùng chung giường); Hủy trước 7 ngày phạt 50%; Hủy trong 3 ngày phạt 100%.","sp05-1.jpg
sp05-2.jfif"
"","SP06","Sapa Trekking Chuyên Sâu: Lao Chải - Tả Van - Giang Tà Lình 2N1Đ","Tour Miền Bắc","2 ngày 1 đêm","Xe giường nằm & Trekking","1.750.000 đ","1.250.000 đ","Đốt cháy năng lượng với cung đường trekking đi qua những bản làng hoang sơ, trải nghiệm làm dệt vải dứa và ngủ Homestay.","N1: Hà Nội - Sapa - Đi bộ từ Y Tý/Mường Hoa qua Lao Chải - Tả Van - Ăn tối & Ngủ Homestay bản địa (Ăn T/T). N2: Tả Van - Giang Tà Lình - Thăm xưởng dệt thổ cẩm - Xe đón về trung tâm - Về Hà Nội (Ăn S/T).","Xe giường nằm khứ hồi, Homestay chuẩn bản địa, các bữa ăn theo tour, HDV trekking địa phương, vé tham quan bản.","Chi phí thuê ba lô/gậy trekking riêng, thuế VAT, tiền tip HDV bản địa.","sapa, trekking, lao chai, ta van, giang ta linh, homestay 2n1d","Trẻ em <6t không khuyến khích trekking; Hủy trước 3 ngày phạt 50%.","sp06-1.webp
sp06-2.jpg"
"","SP07","Sapa: Săn Mây Hang Đá - Đỉnh Ô Quy Hồ - Thác Tình Yêu 1 Ngày","Tour Miền Bắc","1 ngày","Xe ô tô du lịch","700.000 đ","520.000 đ","Tour ngắn ngày chuyên săn mây tại đỉnh Hang Đá và ngoạn cảnh hoàng hôn uốn lượn trên đèo Ô Quy Hồ.","07:30: Đón tại KS đi Thung lũng Hàng Láng / Hang Đá săn mây. 11:30: Ăn trưa thắng cố/gà bản. 13:30: Khám phá Thác Tình Yêu & Trạm Tôn. 16:30: Ngắm hoàng hôn Cổng Trời Ô Quy Hồ. 18:30: Trả khách.","Xe đưa đón đời mới, vé tham quan Thác Tình Yêu & Cổng Trời, ăn trưa đặc sản, HDV, nước uống.","Chi phí đồ uống tại điểm ngắm hoàng hôn, thuế VAT, chi phí cá nhân.","sapa, san may hang da, o quy ho, thac tinh yeu, tour 1 ngay","Trẻ em <5t miễn phí; Hủy trước 12h phạt 30%.","sp07-1.png
sp07-2.jpg"
"","SP08","Trekking Sapa: Chinh Phục Đỉnh Bạch Mộc Lương Tử (Ky Quan San) 3N2Đ","Tour Miền Bắc","3 ngày 2 đêm","Xe giường nằm & Trekking","3.250.000 đ","Không áp dụng (<14t)","Thử thách bản thân chinh phục đỉnh núi cao thứ 4 Việt Nam - Ky Quan San, săn biển mây bồng bềnh huyền thoại.","N1: Hà Nội đi Lào Cai - Xe đưa đến chân núi Ky Quan San - Trekking lên trạm dừng 2.100 m (Ăn S/T/T). N2: Chinh phục đỉnh Ky Quan San 3.046m săn mây - Hạ sơn về lại mốc 2.100m (Ăn S/T/T). N3: Về chân núi - Xe đưa về Sapa tắm lá thuốc - Lên xe về Hà Nội (Ăn S/T).","Xe khứ hồi, Poster vác đồ cá nhân, thủ tục cấp phép climbing, lều/lán nghỉ trên núi, các bữa ăn, HDV leo núi.","Balo & trang phục leo núi cá nhân, tiền tip bắt buộc cho Porter/HDV, thuế VAT.","sapa, trekking, bach moc luong tu, ky quan san, san may, tour 3n2d","Chỉ nhận khách từ 14-60 tuổi có sức khỏe tốt; Hủy trước 5 ngày phạt 50%; Hủy trong 3 ngày phạt 100%.","sp08-1.jpg
sp08-2.webp"
"","SP09","Sapa Luxury: Xe Limousine - Cáp Treo Fansipan - Tả Phìn 2N1Đ","Tour Miền Bắc","2 ngày 1 đêm","Xe Limousine 9 chỗ","2.950.000 đ","2.200.000 đ","Trải nghiệm Sapa thong dong trên xe VIP Limousine, tắm lá thuốc người Dao Đỏ tại bản Tả Phìn và chinh phục Fansipan.","N1: Hà Nội - Sapa bằng Limousine - Thăm Bản Tả Phìn & Tắm lá thuốc người Dao Đỏ (Ăn T/T). N2: Cáp treo Fansipan - Check-in Moana - Lên Limousine về Hà Nội (Ăn S/T).","Xe Limousine 9 chỗ khứ hồi, KS 4 sao trung tâm, vé cáp treo Fansipan, suất tắm lá thuốc Dao Đỏ, các bữa ăn, HDV.","Chi phí mua thuốc lá Dao mang về, chi phí cá nhân, thuế VAT.","sapa, limousine, ta phin, tam la thuoc, fansipan, tour 2n1d","Trẻ em <5t miễn phí; Hủy trước 3 ngày phạt 50%; Hủy trong 24h phạt 100%.",""
"","SP10","Sapa: Chinh Phục Đỉnh Fansipan 2N1Đ","Tour Miền Bắc","2 ngày 1 đêm","Xe giường nằm","1.850.000 đ","1.300.000 đ","Hành trình khám phá thị trấn sương mù Sapa, trải nghiệm văn hóa bản Cát Cát và chinh phục ""Nóc nhà Đông Dương"" Fansipan.","N1: Hà Nội - Sapa - Bản Cát Cát (Ăn T/T). N2: Ga cáp treo Fansipan - Mua sắm - Về Hà Nội (Ăn S/T).","Xe giường nằm khứ hồi, KS 3 sao, các bữa ăn theo chương trình, vé bản Cát Cát, HDV.","Vé cáp treo Fansipan, thuế VAT, tiền tip, chi phí cá nhân.","sapa, fansipan, ban cat cat, xe giuong nam, tour 2n1d","Trẻ em <5t miễn phí; Hủy từ 2-4 ngày phạt 50%; Hủy trong 24h phạt 100%.",""
"ĐÀ NẴNG","DN01","Đà Nẵng: Bà Nà Hills - Hội An - Cù Lao Chàm 3N2Đ","Tour Miền Trung","3 ngày 2 đêm","Xe ô tô du lịch","3.250.000 đ","2.450.000 đ","Khám phá trọn vẹn nét đẹp Đà Nẵng với Cầu Vàng Bà Nà, phố cổ Hội An và đảo ngọc Cù Lao Chàm.","N1: Đón sân bay - Sơn Trà - Ngũ Hành Sơn - Hội An (Ăn T/T). N2: Đà Nẵng - Bà Nà Hills - Cầu Vàng (Ăn S/T/T). N3: Cù Lao Chàm - Mua sắm đặc sản - Tiễn khách (Ăn S/T).","Xe đưa đón, KS 3 sao, các bữa ăn theo chương trình, vé tham quan các điểm (trừ Bà Nà), HDV, bảo hiểm.","Vé cáp treo Bà Nà, thuế VAT, tiền tip, chi phí cá nhân.","da nang, ba na hills, hoi an, cu lao cham, tour 3n2d","Trẻ em <5t miễn phí; Hủy trước 3 ngày phạt 50%; Hủy trong 24h phạt 100%.",""
"","DN02","Đà Nẵng: Sơn Trà - Ngũ Hành Sơn - Phố Cổ Hội An 1 Ngày","Tour Miền Trung","1 ngày","Xe ô tô du lịch","650.000 đ","480.000 đ","Chuyến đi ngắn ngày khám phá bán đảo Sơn Trà, danh thắng Ngũ Hành Sơn và không gian lung linh phố cổ Hội An.","08:00: Đón tại KS - Bán đảo Sơn Trà - Chùa Linh Ứng. 11:30: Ăn trưa bún chả cá. 14:00: Ngũ Hành Sơn. 17:00: Phố cổ Hội An - Ăn tối. 21:00: Về lại Đà Nẵng.","Xe đưa đón, ăn tối tại Hội An, vé tham quan Ngũ Hành Sơn & Hội An, HDV, nước uống.","Bữa trưa, thuế VAT, tiền tip, chi phí cá nhân.","da nang, son tra, ngu hanh son, hoi an, tour 1 ngay","Trẻ em <5t miễn phí; Hủy trước 24h miễn phí; Hủy trong ngày phạt 100%.",""
"","DN03","Đà Nẵng: Trải Nghiệm Công Viên Núi Thần Tài 1 Ngày","Tour Miền Trung","1 ngày","Xe ô tô du lịch","780.000 đ","580.000 đ","Thư giãn, tắm khoáng nóng và vui chơi giải trí tại Công viên khoáng nóng Núi Thần Tài.","08:00: Khởi hành đi Núi Thần Tài. 09:00: Tắm khoáng nóng, công viên nước. 12:00: Ăn trưa buffet. 14:00: Trải nghiệm tắm bùn, luộc trứng khoáng. 16:30: Xe đưa về Đà Nẵng.","Xe đưa đón, vé vào cổng trọn gói Công viên Núi Thần Tài, ăn trưa buffet, HDV.","Dịch vụ tắm bùn cao cấp, chi phí cá nhân, thuế VAT.","da nang, nui than tai, tam khoang, tour 1 ngay","Trẻ em <1m miễn phí; Hủy trước 24h phạt 30%.",""
"","DN04","Đà Nẵng - Huế - Hội An - Phong Nha 4N3Đ","Tour Miền Trung","4 ngày 3 đêm","Xe ô tô du lịch","4.850.000 đ","3.650.000 đ","Hành trình di sản Miền Trung đưa bạn ghé thăm Cố đô Huế, Phố cổ Hội An và động Phong Nha kỳ vĩ.","N1: Đón khách - Đà Nẵng - Hội An (Ăn T/T). N2: Đà Nẵng - Huế - Đại Nội - Chùa Thiên Mụ (Ăn S/T/T). N3: Huế - Quảng Bình - Động Phong Nha (Ăn S/T/T). N4: Huế - Mua sắm - Tiễn sân bay (Ăn S/T).","Xe đời mới, KS 3 sao, ăn các bữa theo chương trình, vé tham quan, vé thuyền Phong Nha, HDV.","Vé cáp treo (nếu có), thuế VAT, tiền tip, chi phí cá nhân.","da nang, hue, phong nha, di san mien trung, tour 4n3d","Trẻ em <5t miễn phí; Hủy trước 5 ngày phạt 50%; Hủy trong 3 ngày phạt 100%.",""
"ĐÀ LẠT","DL01","Đà Lạt: Thành Phố Ngàn Hoa - Langbiang 3N2Đ","Tour Tây Nguyên","3 ngày 2 đêm","Xe ô tô du lịch","2.650.000 đ","1.950.000 đ","Hành trình nghỉ dưỡng thơ mộng tại Đà Lạt, chinh phục đỉnh Langbiang và thăm các vườn hoa nổi tiếng.","N1: Đón bến xe/sân bay - Quảng trường Lâm Viên - Vườn hoa (Ăn T/T). N2: Đỉnh Langbiang - Thung lũng Tình Yêu (Ăn S/T/T). N3: Datanla - Chợ Đà Lạt - Tiễn khách (Ăn S/T).","Xe đưa đón, KS 3 sao, ăn các bữa theo chương trình, vé tham quan, HDV.","Vé xe jeep Langbiang, vé máng trượt Datanla, thuế VAT, tiền tip.","da lat, langbiang, thung luong tinh yêu, tour 3n2d","Trẻ em <5t miễn phí; Hủy trước 3 ngày phạt 50%.","dl01-1.jfif
dl01-2.jpg"
"","DL02","Đà Lạt: Săn Mây - Check-in Nông Trại 1 Ngày","Tour Tây Nguyên","1 ngày","Xe ô tô / Xe 16 chỗ","450.000 đ","320.000 đ","Trải nghiệm đón bình minh săn mây sớm, chụp hình tại thảm gỗ và nông trại cừu cực hot.","04:00: Săn mây Cầu Đất. 07:00: Ăn sáng. 08:30: Nông trại cừu / Vườn dâu tây. 11:30: Ăn trưa. 13:30: Chika Farm / Thảm gỗ. 16:00: Xe đưa về KS.","Xe đón tận nơi, bữa ăn sáng + trưa, vé vào cổng các điểm check-in, nước uống.","Chi phí hái dâu mang về, thuế VAT, chi phí cá nhân.","da lat, san may, cau dat, nong trai cuu, tour 1 ngay","Trẻ em <5t miễn phí; Hủy trước 24h phạt 30%.","dl02-1.jpg
dl02-2.webp"
"","DL03","Đà Lạt: Khám Phá Thác Datanla & Chùa Ve Chai 1 Ngày","Tour Tây Nguyên","1 ngày","Xe ô tô du lịch","500.000 đ","350.000 đ","Tham quan các danh thắng tâm linh và thiên nhiên nổi tiếng: Thác Datanla, Chùa Linh Phước, Thiền viện Trúc Lâm.","08:15: Đón khách. 08:30: Datanla (trải nghiệm máng trượt). 10:30: Thiền viện Trúc Lâm - Hồ Tuyền Lâm. 12:00: Ăn trưa. 13:30: Chùa Linh Phước. 16:00: Trả khách.","Xe đưa đón, vé tham quan các điểm, ăn trưa, HDV suốt tuyến.","Vé máng trượt Datanla, cáp treo Trúc Lâm, thuế VAT.","da lat, datanla, chua linh phuoc, truc lam, tour 1 ngay","Trẻ em <5t miễn phí; Hủy trước 12h phạt 50%.","dl03-2.jpg
dl03-1.webp"
"","DL04","Đà Lạt: Glamping Cắm Trại Đồi Đa Phú 2N1Đ","Tour Tây Nguyên","2 ngày 1 đêm","Xe jeep / Ô tô","1.250.000 đ","900.000 đ","Trải nghiệm cắm trại cao cấp trên đồi, đốt lửa trại, ăn tiệc BBQ ngắm hoàng hôn và bình minh Đà Lạt.","N1: 15:00 Đón tại trung tâm - Di chuyển lên đồi Đa Phú - Dựng lều - Ăn tối BBQ & Đốt lửa trại. N2: 05:30 Săn mây, ăn sáng, pha cà phê - 09: 00 Thu dọn lều, xe đưa về lại trung tâm.","Lều cắm trại chuyên dụng, tiệc BBQ tối, ăn sáng + cà phê, dụng cụ cắm trại, bảo hiểm.","Chi phí vệ sinh cá nhân ngoài gói, nước uống ngoài chương trình, thuế VAT.","da lat, glamping, cam trai, doi da phu, tour 2n1d","Không hoàn tiền nếu hủy trong vòng 48h trước giờ đi.","dl04-1.jpg
dl04-2.jpg"
"PHÚ QUỐC","PQ01","Phú Quốc: Thiên Đường Đảo Ngọc - Grand World 3N2Đ","Tour Miền Nam","3 ngày 2 đêm","Xe ô tô & Tàu du lịch","3.850.000 đ","2.850.000 đ","Tận hưởng nghỉ dưỡng biển xanh, vui chơi tại thành phố không ngủ Grand World và lặn ngắm san hô.","N1: Đón sân bay - Dinh Cậu - Grand World (Ăn T/T). N2: Câu cá lặn ngắm san hô - Bãi Sao (Ăn S/T/T). N3: Mua sắm ngọc trai/nước mắm - Tiễn sân bay (Ăn S).","Xe đưa đón, Resort/KS 3-4 sao, các bữa ăn, tàu câu san hô, HDV, bảo hiểm.","Vé VinWonders/Safari, thuế VAT, tiền tip, chi phí cá nhân.","phu quoc, grand world, bai sao, tour 3n2d","Trẻ em <5t miễn phí; Hủy trước 5 ngày phạt 50%.","pq01-1.jpg
pq01-2.jpeg"
"","PQ02","Phú Quốc: Cano Khám Phá 4 Đảo - Cáp Treo Hòn Thơm 1 Ngày","Tour Miền Nam","1 ngày","Cano cao tốc & Cáp treo","1.150.000 đ","850.000 đ","Hành trình vèo vèo vượt sóng ghé 4 đảo đẹp nhất Phú Quốc kết hợp đi cáp treo vượt biển dài nhất thế giới.","08:00: Đón tại KS ra cảng An Thới. 09:00: Khám phá Hòn Mây Rút, Hòn Móng Tay, Hòn Gầm Ghì. 12:00: Ăn trưa hải sản trên đảo. 14:00: Cáp treo Hòn Thơm. 17:00: Về lại KS.","Cano cao tốc, vé cáp treo Hòn Thơm, bữa ăn trưa hải sản 8 món, dụng cụ lặn ngắm san hô, HDV.","Chi phí đi bộ dưới biển (Seawalker), thuế VAT, chi phí cá nhân.","phu quoc, cano 4 dao, hon thom, cap treo, tour 1 ngay","Trẻ em <1m miễn phí; Hủy trước 24h phạt 20%.","pq02-1.webp
pq02-2.jpg"
"","PQ03","Phú Quốc: Chắp Cánh Trải Nghiệm VinWonders & Safari 2N1Đ","Tour Miền Nam","2 ngày 1 đêm","Xe ô tô du lịch","2.950.000 đ","2.200.000 đ","Trải nghiệm khám phá thế giới động vật bán hoang dã Safari và công viên chủ đề VinWonders hàng đầu Châu Á.","N1: Đón sân bay - Vườn thú Safari - Xem Show Biểu diễn chim (Ăn T/T). N2: Oanh tạc VinWonders - Tiễn sân bay (Ăn S/T).","KS 4 sao nội khu Vinpearl, vé Safari + VinWonders, các bữa ăn theo tour, HDV.","Chi phí xe điện trong Safari, thuế VAT, tiền tip.","phu quoc, vinwonders, safari, tour 2n1d","Trẻ em <1m miễn phí; Vé Vinpearl hủy phạt 100%.","pq03-1.jpg
pq03-2.jpg"
"","PQ04","Phú Quốc: Câu Mực Đêm Ngắm Hoàng Hôn 1 Buổi","Tour Miền Nam","1 buổi (17:00 - 21:00)","Tàu du lịch","400.000 đ","300.000 đ","Trải nghiệm làm ngư dân lênh đênh trên biển ngắm hoàng hôn và trổ tài câu mực đêm độc đáo.","17:00: Đón tại cảng Dương Đông/An Thới. 17:30: Tàu nhả neo, ngắm hoàng hôn. 18:30: Trải nghiệm câu mực, thưởng thức cháo mực trên tàu. 21:00: Trở về bến tàu.","Tàu du lịch, dụng cụ câu mực, bữa ăn nhẹ trên tàu (cháo mực/chả cá), HDV.","Xe đưa đón từ KS ra cảng (nếu ở xa), thuế VAT.","phu quoc, cau muc dem, hoang hon, tour buoi","Trẻ em <5t miễn phí; Hủy trước 12h không phạt.","pq04-1.png
pq04-2.jpg"
"NHA TRANG","NT01","Nha Trang: Vịnh Ngọc Biển Xanh - VinWonders 3N2Đ","Tour Miền Trung","3 ngày 2 đêm","Xe ô tô du lịch","2.950.000 đ","2.150.000 đ","Kỳ nghỉ biển tuyệt vời kết hợp vui chơi thả ga tại đảo thiên đường VinWonders Nha Trang.","N1: Đón sân bay Cam Ranh - Chùa Long Sơn - Tháp Bà Ponagar (Ăn T/T). N2: Oanh tạc Đảo VinWonders cả ngày (Ăn S/T/T). N3: Mua sắm yến sào/chợ Đầm - Tiễn sân bay (Ăn S/T).","Xe đưa đón, KS 3 sao, ăn uống theo lịch trình, vé tham quan, HDV, bảo hiểm.","Vé VinWonders, dịch vụ tắm bùn Tháp Bà, thuế VAT, tiền tip.","nha trang, vinwonders, thap ba ponagar, tour 3n2d","Trẻ em <5t miễn phí; Hủy trước 3 ngày phạt 50%.","nt01-1.jpg
nt01-2.jpg"
"","NT02","Nha Trang: Du Thuyền Đêm Ngắm Hoàng Hôn & Tiệc Tối 1 Buổi","Tour Miền Trung","1 buổi (16:30 - 20:30)","Du thuyền sang trọng","1.200.000 đ","840.000 đ","Trải nghiệm đẳng cấp trên du thuyền ngắm hoàng hôn buông xuống Vịnh Nha Trang và dùng bữa tối lãng mạn.","16:30: Đón tại cảng Nha Trang, thưởng thức cocktail chào mừng. 17:30: Ngắm hoàng hôn trên biển. 18:30: Dùng bữa tối lãng mạn với nhạc Live. 20:30: Phục vụ về cảng.","Nước uống chào mừng, bữa tối Set Menu/Buffet cao cấp, nhạc sống, du thuyền vịnh.","Đồ uống có cồn gọi thêm, xe đưa đón KS (nếu ở xa), thuế VAT.","nha trang, du thuyen, hoang hon, tiec toi, tour buoi","Trẻ em <5t miễn phí; Hủy trước 24h phạt 50%.","nt02-1.jpg
nt02-2.webp"
"","NT03","Nha Trang: Tour 3 Đảo VIP - Hòn Mun - Làng Chài 1 Ngày","Tour Miền Trung","1 ngày","Cano cao tốc","650.000 đ","450.000 đ","Đưa bạn đến với khu bảo tồn biển Hòn Mun, lặn ngắm san hô và dùng bữa tại Làng Chài.","08:00: Đón tại KS ra bến cảng. 09:00: Đến Hòn Mun lặn ngắm san hô. 11:30: Đến Làng Chài ăn trưa hải sản. 13:30: Đến Hòn Tằm tắm bùn khoáng. 16:00: Về KS.","Cano cao tốc, vé vào cổng các đảo, ăn trưa hải sản, kính lặn ống thở, HDV.","Dịch vụ dù bay, mô tô nước, tắm bùn Hòn Tằm gói cao cấp, thuế VAT.","nha trang, tour 3 dao, hon mun, lang chai, tour 1 ngay","Trẻ em <1m miễn phí; Hủy trước 12h phạt 30%.","nt03-2.jpg
nt03-1.jpeg"
"","NT04","Nha Trang: Khám Phá Điệp Sơn - Dốc Lết 1 Ngày","Tour Miền Trung","1 ngày","Xe ô tô & Cano","720.000 đ","500.000 đ","Chinh phục con đường đi bộ giữa biển độc đáo tại Đảo Điệp Sơn và tắm biển Dốc Lết.","07:30: Đón tại Nha Trang đi Cảng Vạn Giã. 09:15: Đi cano ra Điệp Sơn, đi bộ trên con đường giữa biển. 12:00: Ăn trưa hải sản. 14:00: Di chuyển sang Bãi biển Dốc Lết. 16:30: Về Nha Trang.","Xe đưa đón, cano khứ hồi, ăn trưa hải sản, vé tham quan Dốc Lết, HDV.","Chi phí chơi trò chơi nước tại Dốc Lết, chi phí cá nhân, thuế VAT.","nha trang, diep son, doc let, duong giua bien, tour 1 ngay","Trẻ em <5t miễn phí; Hủy trước 24h phạt 30%.","nt04-1.jpg
nt04-2.webp"
"HẠ LONG","HL01","Hạ Long: Nghỉ Dưỡng Du Thuyền 5 Sao 2N1Đ","Tour Miền Bắc","2 ngày 1 đêm","Du thuyền 5 sao & Xe Dcar","3.450.000 đ","2.550.000 đ","Trải nghiệm không gian nghỉ dưỡng đẳng cấp trên vịnh Hạ Long với phòng nghỉ hướng biển và các hoạt động sang chảnh.","N1: 12:00 Check-in Du thuyền - Ăn trưa - Thăm Hang Sáng Tối - Chèo Kayak - Tiệc Sunset (Ăn T/T). N2: Tập Taichi - Thăm Hang Sửng Sốt - 11: 30 Trả phòng - Ăn trưa - Trở về cảng (Ăn S/T).","Phòng nghỉ Du thuyền 5 sao, 4 bữa ăn tiêu chuẩn, vé tham quan vịnh, chèo kayak, TaiChi, HDV.","Xe đưa đón Hà Nội - Hạ Long (phụ thu), Đồ uống ngoài chương trình, Thuế VAT.","ha long, du thuyen 5 sao, hang sung sot, titop, tour 2n1d","Trẻ em <5t miễn phí 1 bé; Hủy trước 7 ngày phạt 30%; Hủy trong 3 ngày phạt 100%.","hl01-2.jpg
hl01-1.jpg"
"","HL02","Hạ Long: Tham Quan Vịnh 6 Tiếng Tuyến 2 (1 Ngày)","Tour Miền Bắc","1 ngày (08:00 - 16:30)","Tàu sắt/Tàu VIP 1 ngày","850.000 đ","650.000 đ","Hành trình 6 tiếng thăm các danh thắng huyền thoại: Hang Sửng Sốt, Đảo TiTop, Hang Luồn.","08:00: Đón tại cảng Tuần Châu. 09:00: Thăm Hang Sửng Sốt. 11:00: Chèo Kayak tại Hang Luồn. 12:00: Ăn trưa buffet trên tàu. 13:30: Tắm biển/leo núi Đảo TiTop. 16:30: Về cảng.","Vé tham quan Vịnh Hạ Long, ăn trưa buffet/set menu, thuyền kayak/đò chèo, HDV.","Xe đưa đón từ Hà Nội (nếu cần), đồ uống, chi phí cá nhân, thuế VAT.","ha long, tuyen 2, hang sung sot, kayak, tour 1 ngay","Trẻ em <1m2 tính giá trẻ em; Hủy trước 24h không phạt.","hl02-1.jpg
hl02-2.jpeg"
"","HL03","Hạ Long - Yêu Thương Đảo Cát Bà 3N2Đ","Tour Miền Bắc","3 ngày 2 đêm","Xe ô tô & Phà/Tàu cao tốc","3.150.000 đ","2.350.000 đ","Kết hợp khám phá vẻ đẹp kỳ vĩ của Vịnh Hạ Long và không gian hoang sơ xanh mát của Đảo Cát Bà.","N1: Hà Nội - Hạ Long - Vịnh Hạ Long - Cát Bà (Ăn T/T). N2: Vườn quốc gia Cát Bà - Đảo Khỉ - Vịnh Lan Hạ (Ăn S/T/T). N3: Tự do tắm biển Cát Cò - Về Hà Nội (Ăn S/T).","Xe vận chuyển, KS 3 sao tại Cát Bà, thuyền thăm Vịnh Lan Hạ, các bữa ăn, HDV.","Vé cáp treo Cát Bà (nếu đi), thuế VAT, tiền tip.","ha long, cat ba, lan ha, dao khi, tour 3n2d","Trẻ em <5t miễn phí; Hủy trước 5 ngày phạt 50%.","hl03-1.jfif
hl03-2.jpg"
"","HL04","Hạ Long: Chèo Kayak Khám Phá Vịnh Bái Tử Long 1 Ngày","Tour Miền Bắc","1 ngày","Xe ô tô & Tàu gỗ/Kayak","950.000 đ","700.000 đ","Chuyến hành trình trải nghiệm chèo thuyền kayak khám phá vùng biển yên bình Vịnh Bái Tử Long.","07:30: Đón tại Hạ Long/Hà Nội. 10:00: Lên tàu di chuyển ra Vịnh Bái Tử Long. 11:30: Ăn trưa hải sản. 13:00: Chèo thuyền Kayak tham quan hang động và làng chài Vung Viêng. 16:30: Trả khách.","Tàu thăm vịnh, thuyền kayak chuyên dụng, ăn trưa, vé danh thắng, HDV.","Chi phí đưa đón ngoài điểm hẹn, đồ uống, thuế VAT.","ha long, bai tu long, cheo kayak, vung vieng, tour 1 ngay","Trẻ em <5t miễn phí; Hủy trước 24h phạt 50%.","hl04-1.jpg
hl04-2.jpeg"
"HÀ GIANG","HG01","Hà Giang: Hùng Vĩ Công Viên Đá - Mã Pí Lèng 3N2Đ","Tour Miền Bắc","3 ngày 2 đêm","Xe ô tô du lịch","2.850.000 đ","2.100.000 đ","Hành trình chinh phục những con đèo ngoằn ngoèo, ngắm nhìn hẻm vực Tu Sản và sông Nho Quế xanh ngọc bích.","N1: Hà Nội - Quản Bạ - Núi Đôi - Yên Minh (Ăn T/T). N2: Cột cờ Lũng Cú - Dinh họ Vương - Đèo Mã Pí Lèng - Sông Nho Quế (Ăn S/T/T). N3: Đồng Văn - TP. Hà Giang - Hà Nội (Ăn S/T).","Xe giường nằm/xe du lịch, KS 2-3 sao/Homestay, các bữa ăn tiêu chuẩn, vé thắng cảnh, thuyền Nho Quế, HDV.","Đồ uống ngoài chương trình, thuế VAT, tiền tip cho HDV và lái xe.","ha giang, dong van, ma pi leng, song nho que, tour 3n2d","Trẻ em <5t miễn phí; Hủy trước 5 ngày phạt 50%.","hg01-1.jpg
hg01-2.jpg"
"","HG02","Hà Giang Motorbike Tour: Trải Nghiệm Phượt Cùng XE ÔM 3N2Đ","Tour Miền Bắc","3 ngày 2 đêm","Xe máy (Có xế lái riêng)","3.650.000 đ","Không áp dụng (<12t)","Trải nghiệm ngồi sau xe máy cùng tài xế bản địa uốn lượn trên những cung đường đèo đẹp nhất Việt Nam.","N1: Hà Nội đi xe giường nằm đêm tới Hà Giang. 08:00 Lên xe máy: Quản Bạ - Yên Minh (Ăn S/T/T). N2: Đồng Văn - Mã Pí Lèng - Chèo thuyền Nho Quế - Mèo Vạc (Ăn S/T/T). N3: Mèo Vạc - TP Hà Giang - Lên xe giường nằm về Hà Nội (Ăn S/T).","Xe máy + xăng xe + xế lái riêng kinh nghiệm, giáp bảo hộ, Homestay, ăn uống trọn gói, vé thắng cảnh.","Chi phí cá nhân, đồ uống có cồn, thuế VAT, tiền tip cho xế xế.","ha giang, motorbike tour, xe om ban dia, nho que, tour 3n2d","Chỉ nhận khách từ 12 tuổi trở lên; Hủy trước 3 ngày phạt 50%.","hg02-1.jpg
hg02-2.jpg"
"","HG03","Hà Giang: Mùa Hoa Tam Giác Mạch - Đồng Văn 2N1Đ","Tour Miền Bắc","2 ngày 1 đêm","Xe ô tô du lịch","1.950.000 đ","1.450.000 đ","Tour săn hoa tam giác mạch ngập tràn sắc hồng nhạt trên cao nguyên đá Đồng Văn.","N1: Hà Nội - Quản Bạ - Cột cờ Lũng Cú - Ngủ Đồng Văn (Ăn T/T). N2: Phố cổ Đồng Văn - Thung lũng Sủng Là (Nhà của Pao) - Về Hà Nội (Ăn S/T).","Xe đưa đón, KS/Homestay tại Đồng Văn, vé vào cổng các điểm hoa tam giác mạch, các bữa ăn, HDV.","Thuyền sông Nho Quế (nếu tự đi), thuế VAT, tiền tip.","ha giang, tam giac mach, lung cu, sung la, tour 2n1d","Trẻ em <5t miễn phí; Hủy trước 3 ngày phạt 50%.","hg03-2.jpg
hg03-1.jpg"
"","HG04","Hà Giang: Khám Phá Hoàng Su Phì Mùa Nước Đổ 2N1Đ","Tour Miền Bắc","2 ngày 1 đêm","Xe ô tô / Xe 16 chỗ","2.100.000 đ","1.550.000 đ","Chiêm ngưỡng kiệt tác ruộng bậc thang Hoàng Su Phì mùa nước đổ lung linh như những bức tranh mạ bạc.","N1: Hà Nội - Hoàng Su Phì - Thăm bản Phùng - Ngủ Homestay (Ăn T/T). N2: Săn mây Bản Luốc - Ngắm ruộng bậc thang mùa nước đổ - Về Hà Nội (Ăn S/T).","Xe du lịch, Homestay người Dzao/Tày, các bữa ăn đậm chất vùng cao, vé tham quan, HDV.","Chi phí xe xe ôm lên bản sâu (nếu đường lầy), thuế VAT, chi phí cá nhân.","ha giang, hoang su phi, mua nuoc do, ruong bac thang, tour 2n1d","Trẻ em <5t miễn phí; Hủy trước 3 ngày phạt 50%.","hg04-1.jpg
hg04-2.jpg"
"HUẾ","HUE01","Huế: Cố Đô Cổ Kính - Trải Nghiệm Ca Trù Sông Hương 1 Ngày","Tour Miền Trung","1 ngày","Xe ô tô & Thuyền rồng","750.000 đ","550.000 đ","Đưa du khách ngược dòng lịch sử ghé thăm Đại Nội Huế, các lăng vua Triều Nguyễn và nghe ca Huế trên sông Hương.","08:00: Đón tại KS Huế. 08:30: Đại Nội Huế (Ngọ Môn, Điện Thái Hòa). 10:30: Chùa Thiên Mụ. 12:00: Ăn trưa đặc sản Huế. 13:30: Lăng Khải Định & Lăng Tự Đức. 16:30: Kết thúc.","Xe đưa đón, vé tham quan Đại Nội và các Lăng, ăn trưa đặc sản, HDV, nước uống.","Vé thuyền ca Huế đêm (nếu mua thêm), thuế VAT, tiền tip, chi phí cá nhân.","hue, dai noi, lang khai dinh, chua thien mu, tour 1 ngay","Trẻ em <5t miễn phí; Hủy trước 24h phạt 30%.","hue01-1.jpg
hue01-2.jpeg"
"","HUE02","Huế: Khám Phá Vườn Quốc Gia Bach Mã 1 Ngày","Tour Miền Trung","1 ngày","Xe ô tô du lịch / Xe 16 chỗ","680.000 đ","500.000 đ","Trải nghiệm trekking nhẹ nhàng khám phá hệ sinh thái đa dạng, Vọng Hải Đài và Thác Đỗ Quyên tại Bạch Mã.","07:30: Xe đón đi VQG Bạch Mã. 09:30: Thăm Hải Vọng Đài ngắm toàn cảnh lagoon. 11:30: Picnic ăn trưa bên suối. 13:30: Khám phá Ngũ Hồ & Thác Đỗ Quyên. 16:30: Về lại Huế.","Xe vận chuyển, vé tham quan VQG Bạch Mã, bữa ăn trưa picnic, HDV trekking chuyên tuyến.","Chi phí cá nhân, đồ uống, thuế VAT, tiền tip.","hue, bach ma, vong hai dai, thac do quyen, tour 1 ngay","Trẻ em <5t không khuyến khích; Hủy trước 24h phạt 50%.","hue02-1.jpg
hue02-2.webp"
"","HUE03","Huế: Trải Nghiệm Đầm Lập An - Vịnh Lăng Cô 1 Ngày","Tour Miền Trung","1 ngày","Xe ô tô du lịch","600.000 đ","450.000 đ","Đón gió biển tuyệt đẹp tại Vịnh Lăng Cô và check-in ảo diệu tại ""tuyệt tình cốc"" Đầm Lập An.","08:00: Đón tại trung tâm Huế đi Lăng Cô. 09:30: Thăm Đầm Lập An, chụp ảnh cầu gỗ dài ra biển. 12:00: Ăn trưa hải sản tại Vịnh Lăng Cô. 14:00: Tự do tắm biển Lăng Cô. 16:30: Trả khách về Huế.","Xe đưa đón, ăn trưa hải sản, vé tham quan, HDV, bảo hiểm du lịch.","Chi phí thuê đồ bơi, đồ uống ngoài chương trình, thuế VAT.","hue, lang co, dam lap an, tour 1 ngay","Trẻ em <5t miễn phí; Hủy trước 24h phạt 20%.","hue03-1.webp
hue03-2.jpg"
"","HUE04","Huế - Quảng Bình: Thăm Động Phong Nha & Động Thiên Đường 2N1Đ","Tour Miền Trung","2 ngày 1 đêm","Xe ô tô du lịch","2.250.000 đ","1.650.000 đ","Chuyến đi kết hợp khám phá kinh đô xưa và các hang động đá vôi độc đáo đạt kỷ lục thế giới tại Quảng Bình.","N1: Huế - Quảng Bình - Động Phong Nha - Ngủ Đồng Hới (Ăn T/T). N2: Động Thiên Đường - Nghĩa trang Đường 9 - Tiễn về Huế (Ăn S/T).","Xe du lịch đời mới, KS 3 sao, vé tham quan Động Phong Nha + Thiên Đường, xe điện, thuyền, các bữa ăn, HDV.","Chi phí cá nhân, đồ uống phát sinh, thuế VAT, tiền tip.","hue, quang binh, phong nha, thien duong, tour 2n1d","Trẻ em <5t miễn phí; Hủy trước 3 ngày phạt 50%.","hue04-1.jpg
hue04-2.jpg"
"CẦN THƠ","CT01","Cần Thơ: Chợ Nổi Cái Răng - Cồn Sơn Sông Hậu 1 Ngày","Tour Miền Nam","1 ngày","Xe ô tô & Tàu thuyền","650.000 đ","450.000 đ","Khám phá văn hóa sông nước đặc trưng tại Chợ nổi Cái Răng và thưởng thức trái cây miệt vườn tại Cồn Sơn.","05:30: Thuyền đón tại bến Ninh Kiều đi Chợ Nổi Cái Răng. 07:00: Ăn sáng hủ tiếu ghe. 08:30: Di chuyển sang Cồn Sơn xem cá lóc bay. 12:00: Ăn trưa miệt vườn. 15:00: Trả khách.","Tàu du lịch thăm sông, vé Cồn Sơn, ăn sáng + ăn trưa miệt vườn, trái cây, HDV.","Chi phí làm bánh dân gian tự túc, thuế VAT, tiền tip.","can tho, cho noi cai rang, con son, ca loc bay, tour 1 ngay","Trẻ em <5t miễn phí; Hủy trước 24h phạt 20%.","ct01-1.jpg
ct01-2.jpg"
"","CT02","Cần Thơ - Mỹ Tho - Bến Tre - Châu Đốc 3N2Đ","Tour Miền Nam","3 ngày 2 đêm","Xe ô tô & Tàu vỏ lãi","2.750.000 đ","1.950.000 đ","Hành trình liên tuyến Tây Nam Bộ ghé thăm các danh thắng nổi tiếng: Chợ Nổi, Rừng tràm Tra Sù, Chùa Bà Châu Đốc.","N1: TP.HCM - Mỹ Tho - Bến Tre - Cần Thơ (Ăn T/T). N2: Chợ Nổi Cái Răng - An Giang - Rừng tràm Trà Sư - Châu Đốc (Ăn S/T/T). N3: Miếu Bà Chúa Xứ - Trở về TP.HCM (Ăn S/T).","Xe du lịch máy lạnh, KS 3 sao, thuyền/xuồng chèo các điểm, các bữa ăn tiêu chuẩn, HDV.","Chi phí cá nhân, xe đạp ngoài tour, thuế VAT, tiền tip.","can tho, ben tre, chau doc, tra su, tour 3n2d","Trẻ em <5t miễn phí; Hủy trước 3 ngày phạt 50%.","ct02-1.webp
ct02-2.jpg"
"","CT03","Cần Thơ: Trải Nghiệm Chợ Nổi Cái Răng Buổi Sáng","Tour Miền Nam","1 buổi (05:00 - 09:00)","Tàu thuyền sông nước","250.000 đ","150.000 đ","Tour trải nghiệm không gian buôn bán nhộn nhịp trên sông vào sáng sớm và thưởng thức hủ tiếu ngột ngạt ngay trên ghe.","05:00: Đón tại Bến Ninh Kiều. 05:30: Ghé Chợ Nổi Cái Răng nhộn nhịp nhất. 07:00: Ăn sáng hủ tiếu/bún riêu trên sông. 08:00: Tham quan lò hủ tiếu truyền thống. 09:00: Trở về bến.","Tàu ghe thăm chợ nổi, suất ăn sáng + nước uống trên thuyền, HDV sông nước.","Mua trái cây mang về, thuế VAT, chi phí cá nhân.","can tho, cho noi, hu tieu ghe, tour buoi sang","Trẻ em <5t miễn phí; Hủy trước 12h phạt 30%.","ct03-1.webp
ct03-2.jpg"
"","CT04","Cần Thơ: Khám Phá Vườn Quốc Gia U Minh Hạ & Cà Mau 2N1Đ","Tour Miền Nam","2 ngày 1 đêm","Xe ô tô & Cano","2.150.000 đ","1.500.000 đ","Đưa du khách về đến Đất Mũi Cà Mau - cực Nam của Tổ quốc kết hợp tham quan hệ sinh thái rừng U Minh.","N1: Cần Thơ - Sóc Trăng - Bạc Liêu - Cà Mau (Ăn T/T). N2: Đất Mũi Cà Mau - Mốc tọa độ GPS 0001 - Vườn QG U Minh - Về Cần Thơ (Ăn S/T).","Xe đưa đón, KS 3 sao, cano Đất Mũi, các bữa ăn hải sản miệt vườn, vé tham quan, HDV.","Chi phí mua quà đặc sản (cua Cà Mau/bánh phồng tôm), thuế VAT.","can tho, ca mau, dat mui, u minh ha, tour 2n1d","Trẻ em <5t miễn phí; Hủy trước 3 ngày phạt 50%.","ct04-1.jpg
ct04-2.jpg"
